Bloco,Campo,Respostas aceitas,Pontos,Tempo-padrão do bloco (min)
G1 81-89,1ª folha (a) · 1,75,25,12
G1 81-89,1ª folha (a) · 2,85,25,12
G1 81-89,1ª folha (a) · 3,80,25,12
G1 81-89,1ª folha (a) · 4,90,25,12
G1 81-89,1ª folha (b) · 1,40,25,12
G1 81-89,1ª folha (b) · 2,30,25,12
G1 81-89,1ª folha (b) · 3,30,25,12
G1 81-89,1ª folha (b) · 4,50,25,12
G1 81-89,2ª folha (a) · 1,75,25,12
G1 81-89,2ª folha (a) · 2,60,25,12
G1 81-89,2ª folha (a) · 3,45,25,12
G1 81-89,2ª folha (a) · 4,35,25,12
G1 81-89,2ª folha (b) · 1,60,25,12
G1 81-89,2ª folha (b) · 2,65,25,12
G1 81-89,2ª folha (b) · 3,40,25,12
G1 81-89,2ª folha (b) · 4,50,25,12
G1 81-89,3ª folha (a) · 1,15,50,12
G1 81-89,3ª folha (a) · 2,10,50,12
G1 81-89,3ª folha (b) · 1,C,100,12
