Página,Bloco,Item,Respostas aceitas,Pontos
G1 1a,2,1,PQR|RQP,20
G1 1a,2,2,NMT|TMN,20
G1 1a,2,3,DCE|ECD,20
G1 1a,2,4,GFH|HFG,20
G1 1b,2,1,A,10
G1 1b,2,2,R,10
G1 1b,2,3,O,10
G1 1b,2,4,Ra,10
G1 1b,2,5,A,10
G1 1b,2,6,O,10
G1 1b,2,7,A,10
G1 1b,2,8,O,10
G1 1b,2,9,A,10
G1 1b,2,10,O,10
G1 2a,1,1,A,15
G1 2a,1,2,R,15
G1 2a,1,3,O,15
G1 2a,1,4,R,15
G1 2a,1,5,A,15
G1 2a,1,6,O,15
G1 2b,2,1,"conjunto:PÔQ,QÔR,RÔS,PÔR,QÔS,PÔS",10
G1 2b,2,2,10,10
G1 3a,1,1,R,10
G1 3a,1,2,R,10
G1 3a,1,3,O,10
G1 3a,1,4,A,10
G1 3a,1,5,O,10
G1 3a,1,6,O,10
G1 3a,1,7,Ra,10
G1 3a,1,8,A,10
G1 3a,1,9,A,10
G1 3a,1,10,Ra,10
G1 3b,1,1,Y,20
G1 3b,1,2,JKL obtuso|LKJ obtuso|JKL O|LKJ O,20
G1 3b,1,3,reto,20
G1 3b,1,4,10,20
G1 3b,1,5,S,20
